n_users,n_items,n_inter,sparsity,kg_entities,kg_relations,kg_triples,kg_items,cpu_cores,ram_size,is_gpu,model_name,model_type,emissions
6040,3706,1000209,0.955316374,79347,49,385923,3655,12,64,1,ItemKNN,general,1.36E-05
6040,3706,1000209,0.955316374,79347,49,385923,3655,12,64,1,LightGCN,general,0.000265644
6040,3706,1000209,0.955316374,79347,49,385923,3655,12,64,1,NGCF,general,0.000405649
6040,3706,1000209,0.955316374,79347,49,385923,3655,12,64,1,DGCF,general,0.008321662